ticker,name,sector,industry,current_price,market_cap,forward_pe,trailing_pe,peg_ratio,price_to_book,price_to_sales,ev_to_ebitda,profit_margin,operating_margin,gross_margin,roe,roa,debt_to_equity,current_ratio,quick_ratio,revenue_growth,earnings_growth,free_cashflow,operating_cashflow,1y_return,3m_return,1m_return,volatility,excess_return,valuation_score,valuation_rating,valuation_category,performance_score,performance_rating,performance_category,combined_score
NFLX,Netflix Inc.,Communication Services,Communication Services Industry,118.41783297204235,327168901020.1504,17.881365756540735,17.32488778772789,1.9599691493349969,2.26408345097643,12.629687448132486,66.91295113344128,0.23144791497134673,0.32072098929848836,0.4019615074880647,0.21175691375471428,0.0986811267170701,125.469870882731,1.1295672154927177,0.9687677099436883,0.08123289395962048,0.15691915018739103,4958785570.323146,6563806883.974499,0.1935057117397889,0.025466057059918872,0.009463777964824541,0.3397369365865184,0.03930571173978889,0.7524362177547845,1,Strongly Undervalued,0.4339812293795442,1,Strong Outperformer,1.0
T,AT&T Inc.,Communication Services,Communication Services Industry,88.78124165579901,136430931665.26743,13.236846199031298,12.470397798712387,1.2424372138479682,5.862523576967976,9.622805474819279,63.58172416193399,0.19850942270824118,0.2493457908959269,0.490262553754072,0.18118328531343267,0.06618629396251977,149.25264325997847,1.6227819259055702,0.9762559392268414,0.09653935709181868,0.16246079308536931,2621754311.4206514,4106567673.7756205,0.06936766519742507,0.02009701941767286,0.0027984284820494446,0.23063413212420353,-0.08483233480257493,0.8674352198893098,1,Strongly Undervalued,0.5474857298399173,4,Underperformer,2.5
CMCSA,Comcast Corp.,Communication Services,Communication Services Industry,97.98642581722176,150576737123.40616,22.939548295721746,24.813511349705585,3.0623383903423265,2.261825386921517,20.51953318535716,123.86696080010599,0.13513050563895013,0.28111678591029565,0.32904129028491047,0.1347446016778358,0.06533632955032624,133.53176647581438,1.5068176759896472,1.0979928766822298,0.06490860046056969,0.11937307151598579,1437580277.754367,2236760657.0225916,0.1308584384727318,0.03170392529214223,0.012155201970419055,0.24747102523287193,-0.023341561527268212,0.958230861644021,2,Undervalued,0.5032604057394006,3,Market Performer,2.5
DIS,Walt Disney,Communication Services,Communication Services Industry,277.1508022943275,177931638533.33084,23.68780184238387,26.039190809592114,1.953580367369945,7.230988976982802,26.60489870139202,263.60683213310267,0.14385746656182896,0.19604879943932985,0.3826413574631045,0.19546405322858107,0.07629232194319284,125.39468639451957,0.8954993314906463,0.6692323681025485,0.11125327546301128,0.07706225817918207,500352437.55714136,990781899.4523711,0.15577629123020179,0.02996181705762278,0.02162058054283122,0.28554736854015883,0.0015762912302017817,1.047082324234527,3,Fairly Valued,0.4793679273836361,2,Outperformer,2.5
VZ,Verizon Comm.,Communication Services,Communication Services Industry,103.80615150392502,164109646611.6668,24.39536932754176,22.445986194954383,3.8025497153078325,7.202777945363451,39.761039183784696,228.5239604088446,0.1803484899021368,0.3124873261922062,0.49757203054358656,0.1812821127296877,0.10024861864395188,122.76419899693103,1.3671682729226715,1.1449589419799882,0.05415529356351059,0.03167162302402577,894726086.9418653,1397392074.6790555,0.19198960782458976,0.031876686923920185,0.01258831114506036,0.3612095802835755,0.03778960782458976,1.0369629279675066,3,Fairly Valued,0.47531836230295094,2,Outperformer,2.5
TMUS,T-Mobile US,Communication Services,Communication Services Industry,121.1040341546317,198956848804.64413,24.89514801524578,24.829264003138903,2.6614800138237444,3.251827104899772,27.420008165887598,180.04174852904873,0.13622509419892503,0.22871017848573372,0.3292076216062042,0.1239357531514182,0.07093482093283146,126.05894701080774,1.1194646473860492,0.6975289072482823,0.08353873741655102,0.0909585520820092,812948674.094545,1967553331.2767856,0.17873237863414373,0.03762390996883155,0.013620302599696493,0.32552172298252324,0.02453237863414373,1.024299800077127,3,Fairly Valued,0.5244799161746356,4,Underperformer,3.5
TTWO,Take-Two Interactive,Communication Services,Communication Services Industry,225.61788067589268,26321766932.18214,23.227375527552162,22.379361922154878,2.3041289454546963,7.971602211742742,16.64713311737944,83.18716262332589,0.1929289300054455,0.30539033481689865,0.45560800014797354,0.19719674789629132,0.1102980518856494,138.04047598383607,1.7876156458099048,1.6038554558305025,0.09080762004822815,0.10715169086589844,414632146.31480724,495450160.9944729,0.1329588000131711,0.03325403746453984,0.014600859581431704,0.28227687547068614,-0.021241199986828913,1.0425777268309042,3,Fairly Valued,0.4888726327070338,2,Outperformer,2.5
EA,Electronic Arts,Communication Services,Communication Services Industry,46.80842706786706,31718043649.553738,16.672376086950884,18.747339547421163,1.4115339021041617,6.7433228446743065,12.213715349988778,96.51894075750457,0.1836005754359512,0.300285314566517,0.3413964395681773,0.11407553565059428,0.04527751594418468,184.68787804364987,2.309800921187861,1.6112875236964368,0.10811530748285614,0.20753895850767295,268870184.3620014,795286883.9873501,0.18016626564957924,0.030557181297672674,0.003940161999339873,0.35517941564083666,0.02596626564957924,1.07936388494964,4,Overvalued,0.46675401501646013,2,Outperformer,3.0
HD,Home Depot,Consumer Discretionary,Consumer Discretionary Industry,71.42849171411677,383381171445.0246,12.132449191456796,12.303015480631284,1.2070012344430567,5.988227808969005,6.759022833015051,40.21493192052017,0.15432008100347933,0.2491894432657324,0.3820317012575485,0.17923453832185107,0.06654319528505295,93.45280457698782,1.1863583663473576,0.7378659987719794,0.09051728900720668,0.14074920879045913,8031690775.195759,11560470401.288284,0.1477961384038458,0.025575336801487672,0.020767499133498863,0.3195241065700859,-0.0212038615961542,0.8097931061164217,1,Strongly Undervalued,0.5269909746439724,4,Underperformer,2.5
LOW,Lowes Companies,Consumer Discretionary,Consumer Discretionary Industry,107.70863444010041,151960978945.42468,17.396767882675434,18.547401804781515,5.96657901390845,5.055243106580235,18.222377639511105,89.57056788771251,0.18905014518864433,0.32325347462628645,0.44704157124475624,0.29849670043167503,0.13620028131328174,136.00956696046916,0.9515115345972283,0.7865014758111804,0.019157022545285222,0.09306716708316451,1291520683.4999442,2112403030.3800745,0.2128112350681544,0.04558139746095332,0.02854578863532813,0.35631170466144646,0.043811235068154375,0.853599940977121,1,Strongly Undervalued,0.47315791824277054,2,Outperformer,1.5
TJX,TJX Companies,Consumer Discretionary,Consumer Discretionary Industry,160.3227275584472,102344546768.83026,13.411041423545367,14.190389752524375,2.4167839207010986,6.260833838903714,6.7221739540195635,24.74176404900013,0.19922994757546508,0.3187334704613204,0.36078605977473843,0.11163275910109516,0.066433065479355,70.66061771670735,1.0418239267682337,0.6630328763328199,0.04549127213513933,0.010648143786736335,3297100384.6401973,4781090269.083617,0.17686453667765276,0.01870478361219503,0.009511017295918273,0.2593437697195094,0.007864536677652745,0.8682298711657757,1,Strongly Undervalued,0.5463216511561247,4,Underperformer,2.5
F,Ford Motor,Consumer Discretionary,Consumer Discretionary Industry,75.42503199901594,46230027139.50487,26.12047244948142,24.872770633570717,12.625594353573657,2.983956497133973,27.646464042653395,122.74018565634621,0.16061506530822284,0.27863784322905816,0.41305944947075773,0.13003380016340832,0.0406358057377705,44.41464272778655,2.01774975970656,1.254284301315915,0.010688509164788789,-0.0374952195499781,313966343.5401936,462516349.5414359,0.2826005593197921,0.08040095855899196,0.034110563344307565,0.36062625391885106,0.1136005593197921,0.8868494269686558,1,Strongly Undervalued,0.4706554114996877,2,Outperformer,1.5
MAR,Marriott Intl,Consumer Discretionary,Consumer Discretionary Industry,117.35202067243634,70759171197.84824,12.120281111486992,13.161132083446269,0.760129799973723,5.5549301044135735,8.722346933609042,69.90381010118963,0.08037208402478561,0.16716615915499405,0.42198678004866164,0.24914675654624643,0.09918021251079019,55.31096855651559,1.3195271663333652,1.1387456484857645,0.1494501506440871,0.15469658022011434,704737382.9791785,1377026861.2287765,0.07944425238181704,0.014375136854494552,0.010109791411712178,0.3583106407304106,-0.08955574761818297,0.7618677216047683,1,Strongly Undervalued,0.48904935553240486,2,Outperformer,1.5
MCD,McDonalds Corp.,Consumer Discretionary,Consumer Discretionary Industry,192.9461335010222,213594452114.66882,32.700531838154255,31.705916674731192,3.3370862540010364,5.9090599590551465,50.81100530997733,361.3855412360354,0.09122090533222042,0.1835947306970967,0.40574376903495607,0.2561051030487723,0.12812041163910357,46.24100335189359,1.8605608519501742,1.3684988883405718,0.08799126947632112,0.06319340063805064,432764562.7509693,685635139.3098129,0.19474949797767285,0.0617943360982364,0.01853826298365423,0.37941956163148427,0.02574949797767284,1.0430656508226361,3,Fairly Valued,0.4454039111579763,1,Strong Outperformer,2.0
GM,General Motors,Consumer Discretionary,Consumer Discretionary Industry,73.13179537516547,56582946788.95244,24.19694906473064,22.65924294235197,8.28255263697359,3.974704898599373,21.075364599834476,206.47079379424062,0.09392330550514472,0.20411146446877693,0.43991737137691483,0.25974283833091494,0.12330688580457044,157.17244050302045,2.180008639753234,1.7373438945906943,0.019214361954930002,0.019954487854104766,338136768.3290842,609642435.5827338,0.27123345613041994,0.09030290293836989,0.0285611647145746,0.2836923417765778,0.10223345613041993,1.0088289207233803,3,Fairly Valued,0.46117523497451207,1,Strong Outperformer,2.0
NKE,Nike Inc.,Consumer Discretionary,Consumer Discretionary Industry,184.99168961522204,127687486928.1077,33.492028616526824,35.842956883169116,2.852264239867679,4.565627837013638,22.00994917966282,251.96037011710195,0.0885164851580762,0.16924548165070485,0.2954910655504608,0.19717435183726512,0.10665313882528751,121.65741703479327,1.329223088565206,1.0409147800915917,0.10742260113347903,0.0983162012435091,528068887.825484,944929506.4942347,0.0654196406101406,0.018533011074092123,0.0048040063329905965,0.26828291400054216,-0.1035803593898594,1.1477243662119536,4,Overvalued,0.5483084125837812,5,Strong Underperformer,4.5
SBUX,Starbucks Corp.,Consumer Discretionary,Consumer Discretionary Industry,49.83802732240515,95483213331.19612,13.826645486746692,14.757663009180442,3.068713649516107,9.30650510239246,14.015850645051271,121.27068070337883,0.09850573431732812,0.18400536490052186,0.2938370147627257,0.13837346494374858,0.044393964784270636,118.24016445440596,0.9149413581067654,0.7686485959350331,0.03505681228656495,0.06605859947724155,782857788.189777,1376344761.9480467,0.25203163502458337,0.075476800223317,0.03110284474624157,0.34763160535707915,0.08303163502458336,1.063796631598122,4,Overvalued,0.46646759300651264,2,Outperformer,3.0
ROST,Ross Stores,Consumer Discretionary,Consumer Discretionary Industry,426.6785287556618,42096858925.22736,24.53561913462958,23.26029422201748,2.0459949738050214,6.6155747441978985,18.20780591619059,106.66479567854206,0.07472222235941557,0.1973202133579451,0.25106797705032796,0.10863474715940234,0.059242394909724,66.29693227281422,1.6599495780181093,1.414627137786587,0.10992023171493759,0.14125581253871483,357450157.08784807,490425903.8360911,0.13613907618350915,0.028128425679576345,0.016594391153478775,0.326254082037442,-0.03286092381649086,1.1270164100992364,4,Overvalued,0.5460825479986602,4,Underperformer,4.0
TGT,Target Corp.,Consumer Discretionary,Consumer Discretionary Industry,345.41820129466976,69784736971.39687,30.536284202705286,30.84959645444615,10.220084297968866,2.6817230938549357,18.538132386504028,202.84543823965154,0.11044702681477422,0.2299421357050204,0.29515192981207594,0.11618385661025044,0.04691851728334902,195.85373414618553,1.8896525314870645,1.6000522626434122,0.019878700911277265,0.09918087325217065,456431692.3009219,746649066.5986465,0.2691028762053578,0.0769301578380962,0.028128285454014284,0.3230592878228404,0.10010287620535777,1.2092360583965895,5,Strongly Overvalued,0.48047939877599477,2,Outperformer,3.5
BKNG,Booking Holdings,Consumer Discretionary,Consumer Discretionary Industry,120.2951156196547,136767535401.1755,15.153523231766979,15.726842092230394,1.9388667362824088,9.850165438370569,15.35289764424934,106.8249877856543,0.08618021863993122,0.21633392982823016,0.431354969621942,0.10242415492877865,0.06021239454382612,112.93518746748161,0.986551537751756,0.7541080055928525,0.06815660018399412,0.14481016259493654,1154153354.7532935,1912812591.1243942,-0.060766967686302166,-0.018096778313984832,-0.00828650616096953,0.32323617055326676,-0.22976696768630217,1.1685220603639777,5,Strongly Overvalued,0.6016987901252916,5,Strong Underperformer,5.0
PG,Procter & Gamble,Consumer Staples,Consumer Staples Industry,41.25387743745317,379867431852.0225,16.001757628746304,14.969657979631203,6.107067880378665,5.869334227874018,8.423440731225655,38.576208815471794,0.1507680934740916,0.2524949991182525,0.45849108640857283,0.30697939542229347,0.13263342530405078,64.74525267062839,1.3579276811358296,0.9915666821244576,0.016202030077573207,-0.0007061770157450985,6362982630.834087,12099237821.937128,0.06964505881274777,0.013205933923713352,0.009909677151753534,0.193566311423919,0.019145058812747764,0.8108900408341279,1,Strongly Undervalued,0.43908947706117807,1,Strong Outperformer,1.0
KO,Coca-Cola Co.,Consumer Staples,Consumer Staples Industry,312.29913170461697,247483431461.02026,20.585538565606157,18.879335357828257,4.06993318408215,4.975309522852401,29.281119825202595,139.22549154255614,0.16026433097957105,0.25856121818810657,0.40190170832714955,0.18722028356925546,0.06366313255673545,58.060151375712465,2.0374968218554006,1.5259594991428183,0.04057954918306257,0.1000057834809221,1507108067.0580266,2643105084.168632,0.10310257979822195,0.03834706993948397,0.003928404004298474,0.13589081676693535,0.05260257979822194,0.9016482894285323,2,Undervalued,0.47554126707337446,2,Outperformer,2.0
PEP,PepsiCo Inc.,Consumer Staples,Consumer Staples Industry,153.75167681814602,231491351384.65997,20.344242833809183,19.00617625665052,2.8590453728415244,4.058727801144542,15.092219979104579,74.5269930903201,0.1463789686175589,0.2523957869637431,0.489057855460269,0.1543646793550979,0.08969309349584684,55.22578792860238,1.5119486424260744,1.0251727511141364,0.06115746754865109,0.1583520311232381,3037739177.4123235,3892237612.5869246,0.0013060124888495603,0.0003101651573302133,0.00010841277233480221,0.18541746014740745,-0.04919398751115044,0.9080867156800899,2,Undervalued,0.5500385197809916,5,Strong Underperformer,3.5
PM,Philip Morris,Consumer Staples,Consumer Staples Industry,68.00272454442842,161457832749.13934,20.557365942967998,20.568927697720433,2.6582418332522533,4.2163311519502065,11.866029322902557,65.25164785828008,0.13273996221226764,0.27176576751404785,0.4266106866860993,0.2619511367276765,0.08482553455157417,123.14964903403623,1.1186003049658897,0.9591473169924335,0.06733444597031593,0.09845350921814759,1864349159.9820783,3568925475.3165708,0.09204855972466232,0.022219247465181297,0.013557247111761213,0.15143501131837483,0.041548559724662315,0.9506466950065494,2,Undervalued,0.4434233785467676,1,Strong Outperformer,1.5
KMB,Kimberly-Clark,Consumer Staples,Consumer Staples Industry,131.280614866852,42789524227.57663,19.704090211666802,20.76417652675671,5.713072487996954,5.054421762456851,35.49761775485838,264.37740602253035,0.10768143077913057,0.19081613148943566,0.4519879689593407,0.17800481951066352,0.0791431353169902,69.6097712738393,1.838326120828806,1.2577918585256547,0.02448948049068988,0.05197537475758674,103427702.21924433,223403861.21599776,-0.04889884016791584,-0.008920099903431587,-0.0034862374224735797,0.12076640326492252,-0.09939884016791584,0.9641919781092164,2,Undervalued,0.5479286359811704,5,Strong Underperformer,3.5
MO,Altria Group,Consumer Staples,Consumer Staples Industry,167.00411701974855,82146274212.7318,16.641441640338535,18.9135676110736,2.426200698374974,7.654894324331967,17.408829788550428,117.32395278005356,0.08696411481624057,0.2225378407068192,0.27194040225143246,0.2872654393372195,0.10575788237820431,133.704112524294,1.2747693503724977,1.0107194566790294,0.05859054014568818,0.08548875311744612,848097168.7972033,1207317283.1469648,0.01106213533934626,0.002508499904359061,0.00028167745055088467,0.1412644376371096,-0.03943786466065374,1.0642060015259442,4,Overvalued,0.4685574328349086,2,Outperformer,3.0
COST,Costco Wholesale,Consumer Staples,Consumer Staples Industry,380.2598314550618,326604217811.4293,27.29407591100367,31.76688049559984,11.547202100380522,9.094048975322048,27.42234124377893,154.03368975743356,0.12117655415845086,0.2257197410991414,0.4013712475886417,0.24245911220012142,0.07726733824985627,101.25026487703317,2.170886149295827,1.6016189364213604,0.01363696042879879,0.08157869033640378,1674919813.9283972,2511828400.8647795,-0.00972724357280512,-0.0033717636628199077,-0.0006756018209453759,0.14586208348880386,-0.06022724357280512,1.1857430412985663,5,Strongly Overvalued,0.5062759655836012,3,Market Performer,4.0
WMT,Walmart Inc.,Consumer Staples,Consumer Staples Industry,129.21878515259564,506458737688.8315,27.53819650071055,26.306342797614068,8.867031748932268,9.257927970055093,14.81173411697594,86.94338992308882,0.15928544190338395,0.27274368365841434,0.4248041150796154,0.2074275916169151,0.11188110121892242,89.59704726624548,2.3556531162919736,1.7900812034357692,0.021056837598474362,0.07544170532379474,7003887241.71174,7496848833.194307,0.1086522700876509,0.03155276938830325,0.004517124295538927,0.15167616770675266,0.05815227008765089,1.1662125506443113,5,Strongly Overvalued,0.4925854340886041,3,Market Performer,4.0
MDLZ,Mondelez Intl,Consumer Staples,Consumer Staples Industry,173.7030746013788,94318274173.80475,26.934995178588956,26.67586916454415,3.450655159844653,7.188502390084311,20.54463378494155,135.21414566203998,0.17107701616439153,0.3015676938485354,0.4718693968837483,0.20844364609237953,0.06365909945859102,146.2810357074026,2.0353406865195494,1.4072861030219688,0.06805762654011929,0.06028580630235879,565205099.6201283,1002493426.6408185,0.1245507679132256,0.04214467722510588,0.0030523824430546925,0.1312580390411937,0.0740507679132256,1.1779228868398868,5,Strongly Overvalued,0.4658115523106692,2,Outperformer,3.5
CL,Colgate-Palmolive,Consumer Staples,Consumer Staples Industry,369.8405711907898,76242102526.25235,27.94068771048703,30.23536903881988,3.4271058367775784,7.419152871643921,24.256302346067788,176.90949325842834,0.163137351438571,0.22463065114452768,0.4329330530740131,0.16272818185732846,0.05340042215120959,140.96268194365922,1.9376404469947333,1.644642161551325,0.07152852301975872,0.10729437582700706,470456906.99777544,841926303.6244352,0.053489270351008256,0.01552425562458667,0.0015630200301189876,0.163042741032099,0.0029892703510082524,1.2375073224187088,5,Strongly Overvalued,0.5000066599058794,3,Market Performer,4.0
SLB,Schlumberger,Energy,Energy Industry,111.36428794830968,69041421553.10294,16.358259279105162,15.85319800153712,,1.0029476441726228,28.109310870156282,123.07471958402472,0.11546506868659545,0.25305337703830116,0.29578408364661535,0.165668422377783,0.07649380993260423,55.422518373300335,1.5228879152440797,0.9308977170057595,-0.06163995963327473,0.0031920529441044065,313526330.257263,635371083.2743124,-0.24999301914678032,-0.0528191006810911,-0.034312098256706544,0.38331316569645846,-0.34079301914678034,0.8867878106890776,1,Strongly Undervalued,0.6652207040282326,5,Strong Underperformer,3.0
HAL,Halliburton,Energy,Energy Industry,37.689084225935176,31432338904.359398,8.137455540113452,8.596690461280165,0.41635055384009423,1.136917438667156,6.181687409895194,51.65741898789679,0.07475597702798864,0.17065002868767068,0.23726123617655778,0.09062094920554589,0.047106585661603834,84.60585522456927,1.9438818366167356,1.2136524262339305,0.18544721305303621,0.26122098812948996,502893826.5874647,848895961.0364317,0.2330541910973976,0.07262860005552468,0.017616140603939907,0.4645967610083535,0.14225419109739762,0.9540775829446273,2,Undervalued,0.46991327063320204,2,Outperformer,2.0
CVX,Chevron Corp.,Energy,Energy Industry,99.75081704357949,289329626826.61066,9.62699743808566,9.813289346622867,,2.8390620493120995,17.704671616739386,157.84942621908112,0.05121031167761075,0.13691324607461197,0.20301800549346918,0.1248343496803913,0.07213655516727259,50.58091016432479,1.8784182710818682,1.2521963745721452,-0.003499003102135398,0.07370731033808722,1446458728.2714574,1883174447.8749862,0.18731686536196812,0.05042986021015411,0.012478150449129685,0.3190798554626421,0.09651686536196812,1.0557661700625613,3,Fairly Valued,0.5230752209436459,3,Market Performer,3.0
COP,ConocoPhillips,Energy,Energy Industry,54.537546514413705,134072407916.4048,10.40398912893507,12.149440044754812,0.5331612702522797,1.8388959879146272,6.351004363124968,46.9424503333616,0.10059579077349316,0.1544887871060599,0.2947663473660949,0.06527055244243055,0.020286456183190638,45.76995948952446,2.2735096026602006,1.556771202689869,0.18513775117258877,0.22238109512096782,1560912262.7096734,3425318153.3190312,0.011968513861259633,0.0030169766726165707,0.0008763773045713637,0.4160177669338909,-0.07883148613874037,1.011233986660863,3,Fairly Valued,0.5325194558185181,4,Underperformer,3.5
PSX,Phillips 66,Energy,Energy Industry,152.2975701547887,47504678987.924995,14.248740996069989,13.065749204021158,1.4782732510747412,1.7478420940256272,8.503463157489602,105.16375873281764,0.051215677147738684,0.1063992570597116,0.3360196609594972,0.18591305907218908,0.0863859157484995,55.88694561393104,1.32152021918764,0.932844671166534,0.08638773471488306,0.08649522956519845,305322726.4148934,584456649.5492072,0.18961943035416823,0.022801881370309415,0.01657864092729994,0.38090547711477396,0.09881943035416822,1.0101440302257298,3,Fairly Valued,0.46543990457406903,2,Outperformer,2.5
VLO,Valero Energy,Energy,Energy Industry,59.12342411863666,37434917456.09768,17.706765454097443,19.11823150905323,,2.2472975565805324,28.76953946177827,200.83070006483337,0.12045544280274452,0.20510785959801636,0.35500117018153093,0.16068274772519095,0.06737165917218449,53.78486368427754,1.1490659958015597,0.8559529448070928,-0.019439873179717793,-0.026320623445130274,185753196.00328323,215399157.80334672,0.1440536380847342,0.055319495193155925,0.004864367896119386,0.4937074663399784,0.0532536380847342,1.0269436351417724,3,Fairly Valued,0.5175140522675603,3,Market Performer,3.0
EOG,EOG Resources,Energy,Energy Industry,201.7048026696511,74293709275.72635,17.84858402762476,18.04106728195571,0.9121940020517463,2.865849725139344,11.356688974206278,55.10388475371451,0.11610142542473202,0.2205511213351185,0.2817925886881568,0.13859567509919568,0.07107134225498334,45.058917360095435,2.127073919623447,1.648762708699357,0.1856665357092784,0.14202988044031217,604038900.3838508,1513002916.2817583,-0.09080431746671982,-0.01822289521707264,-0.013367150195848568,0.4203107758599648,-0.18160431746671984,1.0859572871523555,4,Overvalued,0.5703837434621155,5,Strong Underperformer,4.5
MPC,Marathon Petroleum,Energy,Energy Industry,176.17841257588037,58921909461.227196,15.011698615902597,13.74321933753182,0.9283718640720435,2.0095911966090565,17.609854682859172,130.8074632718912,0.09962587528823616,0.16592940898139524,0.32572941726221505,0.19206360006627787,0.10291952640959784,96.09995388680323,1.4534035654910293,0.8830269985971883,0.15169919831540327,0.10341189583351432,421617330.12048167,581074815.4652253,0.17221986777743054,0.05197783299258447,0.02128096479060339,0.4940514219452114,0.08141986777743053,1.0623106476434336,4,Overvalued,0.4111772342275656,1,Strong Outperformer,2.5
OXY,Occidental Petroleum,Energy,Energy Industry,232.89111103181833,41893457513.37948,17.447362587830796,16.18744744534877,3.8706310660573084,2.4967686993524625,11.564571879353233,48.43095226087552,0.10875858711094019,0.22676977565563744,0.39898650599443497,0.08039489512030148,0.03396246225021102,31.385540252217762,1.7909742965672475,1.2105740832680347,0.03507627384286713,0.12871342610543973,361975952.9056697,746239911.0819863,-0.010578809414539175,-0.001690293814889932,-0.0014183126790589767,0.46796032133288534,-0.10137880941453918,1.1143467474022202,4,Overvalued,0.590483278288599,5,Strong Underperformer,4.5
XOM,Exxon Mobil,Energy,Energy Industry,27.45476968473586,464285097066.9711,12.328160022094693,11.365632377285328,0.6220434263737472,2.2446865292344924,6.252504182931938,43.48730318416103,0.07091854654079278,0.20528351294597513,0.23091435227272855,0.11683124581128365,0.06943955741227548,101.38285865970656,2.251434366897934,1.5142993082985012,0.18818809265395994,0.1677269483219742,7207336517.507645,14833483327.549568,0.3208578862170993,0.055894115894704194,0.03313819410171175,0.4989638587931902,0.23005788621709933,1.1487139622307803,5,Strongly Overvalued,0.400621852632735,1,Strong Outperformer,3.0
BAC,Bank of America,Financials,Financials Industry,72.60805466991854,275595992127.5159,16.8509876190667,18.266865174655273,3.479260890948038,1.083957708356528,26.57396160941697,156.34747998030207,0.19308584874811224,0.26644662385310325,0.40234747283931027,0.11546221576407766,0.03609671661242085,107.14957389336553,2.4791280625512537,1.8056281516057722,0.03843266471596817,0.09037975711992866,2026272291.5473292,3057905449.139796,-0.07361113924722754,-0.008638473520404909,-0.010746000109724013,0.34249417759253376,-0.10641113924722753,0.8709511763873787,1,Strongly Undervalued,0.5527938095540554,5,Strong Underperformer,3.0
MS,Morgan Stanley,Financials,Financials Industry,197.14281449482155,147308781270.0568,14.495198944113323,16.343031812799097,8.661575648306341,0.8417977579799626,8.020338164299595,29.754744422451243,0.2898042158265026,0.4335270645501477,0.4603061614246384,0.1432621893133948,0.07254306116629057,127.13482364206877,1.3116380638095877,1.0656424784441594,0.00673506014687717,0.044060629173318176,7073516770.178089,9515312795.634592,-0.028940930066465143,-0.0089168356420541,-0.0014094247315169163,0.29313732766512157,-0.061740930066465145,0.7258337287480943,1,Strongly Undervalued,0.5349005089613689,4,Underperformer,2.5
USB,US Bancorp,Financials,Financials Industry,138.4683800238793,56156197306.44291,10.850519899086532,10.5338489840967,4.117471329124363,0.9249444704610216,10.9846969136536,79.0021824796509,0.2238416784672052,0.36091666859445637,0.4232878933478406,0.16543850933695792,0.07173274407735383,305.9269415718761,1.4106967279796017,1.0973601845793524,0.016352387258502278,0.025014617756266393,800968910.6576979,2252641964.047251,0.18929431281735062,0.05662575785209976,0.015465726567051597,0.23872001490516914,0.15649431281735063,0.769492825339529,1,Strongly Undervalued,0.45976965618653226,1,Strong Outperformer,1.0
COF,Capital One,Financials,Financials Industry,126.49555506513494,53681422543.77506,10.125797473368632,12.081618091720548,1.2825148052474102,1.4917435332288802,6.856350433463935,70.96533949481518,0.25248720424344684,0.36427192826356825,0.5019221570451322,0.17446142194740233,0.0978155463230235,328.2438986555319,0.8516580014846227,0.7488497725408304,0.06895267510315611,0.1204296829697431,1657456132.4452817,2942732077.6687436,-0.07451369666079899,-0.02573332487694626,-0.0026547126746256514,0.29883282053489857,-0.10731369666079899,0.8151304148768946,1,Strongly Undervalued,0.5289584244076762,4,Underperformer,2.5
BLK,BlackRock Inc.,Financials,Financials Industry,154.4749680944708,109977145094.78023,16.165991624896556,19.244934516491686,1.4913583924283704,1.115393376695306,29.57007202940017,275.1014942490246,0.17265868376713503,0.3170202757838949,0.40912564397565543,0.17508635622504104,0.07457246482612463,355.41037906563423,1.4759104765367503,1.0069614129136641,0.09839776479598283,0.1097978657432393,630656541.5207465,1352211187.968169,0.162934721287697,0.022027545250775375,0.005910319006775216,0.23449319088366294,0.130134721287697,0.9426478434958948,2,Undervalued,0.41177101901148594,1,Strong Outperformer,1.5
SCHW,Charles Schwab,Financials,Financials Industry,99.06086619271048,111217998120.6279,16.630421339267166,17.1556869734471,1.7175352234393026,2.032938022705732,15.740185645439126,58.14270018085123,0.24754885295204054,0.3655716771951697,0.43745734313786955,0.1774793162146783,0.057087912141627034,112.26100088232242,1.2380609104690632,0.9146631659888083,0.08682725054083806,0.14590261100578428,1058250962.2180123,3214861816.281701,0.10994728241999338,0.03460563110855436,0.01519188083461575,0.2638240001672113,0.07714728241999338,0.9058310575800421,2,Undervalued,0.4868389301863686,2,Outperformer,2.0
JPM,JPMorgan Chase,Financials,Financials Industry,126.16626755234748,589824691608.8245,18.134592782420846,21.054800131769653,10.966977555744773,0.8361579984456582,12.6036458386361,144.31162058320885,0.23944048177230795,0.3014971703500358,0.43544224922984853,0.08370076347154927,0.027042541559848244,378.5155103512559,1.3777874384057125,1.1262448291192848,0.006535634079894237,0.0038291847544857944,9757532161.841356,13749922848.203585,0.03882195233136801,0.012829957388288508,0.0028848469200081607,0.3186084747258445,0.0060219523313680065,1.0240838343890117,3,Fairly Valued,0.5643859816547645,5,Strong Underperformer,4.0
WFC,Wells Fargo,Financials,Financials Industry,248.45782451071486,193816291858.68332,19.133027398342556,20.980753488941495,2.761137933652698,1.736457530035537,27.5583875961111,138.39266932324804,0.26373577135561366,0.3291253619895992,0.5529398949663721,0.11962420189026587,0.06516527650287302,189.77622873466427,1.1804899451984592,0.8984618392354016,0.05929399348417032,0.096306924659842,2000303871.951612,2810609136.209927,-0.1179796069107858,-0.02880778533495795,-0.011445557021668228,0.33161912939455707,-0.1507796069107858,0.9939689286034448,3,Fairly Valued,0.5521540854901082,5,Strong Underperformer,4.0
GS,Goldman Sachs,Financials,Financials Industry,135.11048211655225,159740428977.7545,12.173710494826317,12.180231419276291,1.5265387013779848,2.063964035695733,6.6840550501070215,63.84853199595639,0.2817944979532737,0.39763968141911626,0.5912797022746593,0.10670282701694213,0.05923869063607697,446.9176803839209,2.0042170604155594,1.7057971539998402,0.06974714616692837,0.12176826193097344,3736847323.894056,11362177764.825193,0.0665139823753145,0.022212585098097454,0.002255321729812996,0.3129074959336462,0.0337139823753145,1.0362546752283799,3,Fairly Valued,0.519013491093082,3,Market Performer,3.0
C,Citigroup Inc.,Financials,Financials Industry,60.43878899491554,103711305744.57942,13.163670738793552,12.80316393274831,2.6728615161664027,2.477326408554149,7.353251794841759,55.53017523639561,0.2372957102871598,0.36705162035087857,0.4410943911741793,0.08642089370751341,0.033972795471150966,282.0880596327205,0.8197549178437711,0.5096695584718823,0.03924935564066848,0.06124018084823702,2017672718.3248749,5392546934.3081665,0.06000719184175629,0.013146194538621907,0.0022354507995622106,0.2437493868063955,0.02720719184175629,1.0834244404178646,4,Overvalued,0.5177512006575933,3,Market Performer,3.5
AXP,American Express,Financials,Financials Industry,177.6986612630083,162161307144.36984,16.273579629647188,16.85447295299866,2.0114168518186437,1.8940820818340924,9.449090510133216,119.85382063575194,0.16568517605016003,0.28633274869885017,0.4429712259588873,0.09674825822590698,0.029941248816557724,474.4848984974759,0.8883511822075032,0.6772690811412905,0.07090605194509164,0.1515514205070045,3310703631.266944,4349067344.070971,0.09993042624634971,0.029740527257911188,0.008470646863831803,0.32025921246046873,0.06713042624634971,1.1811030769923552,5,Strongly Overvalued,0.524792163761316,4,Underperformer,4.5
PNC,PNC Financial,Financials,Financials Industry,194.79340523771376,74818386285.56877,17.668041835400636,19.288836991609447,3.1995785813538054,2.2754611006840375,24.453536176851912,293.8208083988197,0.16678794290965918,0.22249662851859067,0.37073786521305707,0.10058412100367682,0.04620340232447956,474.6422769179846,0.8668840191364664,0.5518869513919059,0.04521990282834353,0.13530115545752927,605265055.8463221,618882149.855774,-0.039345363258137325,-0.0118736687267418,-0.0030566440298368854,0.27608522130325885,-0.07214536325813733,1.2494081824487826,5,Strongly Overvalued,0.5490033220027968,5,Strong Underperformer,5.0
JNJ,Johnson & Johnson,Health Care,Health Care Industry,225.3143835677287,381063201176.1457,30.02401929304629,28.659848712647907,3.19267405795157,4.765338266590906,43.30473281734818,145.63598677463727,0.2424280935486463,0.38508685606479576,0.4218427897344539,0.22660183048694665,0.10143488499336621,53.571770478864586,1.5805307856050441,1.4130099682033732,0.08404035221907305,0.08335309376219929,1269434945.4295075,2609688627.924922,0.14002025629501774,0.022669295669546702,0.009431075835485619,0.23602184281672897,0.07942025629501774,0.9129266124143798,2,Undervalued,0.417945070844443,1,Strong Outperformer,1.5
PFE,Pfizer Inc.,Health Care,Health Care Industry,338.3809138590179,162994958513.72955,27.61935334032326,26.403276173968617,2.4234041577853516,4.280761349550777,32.27162470325954,134.01808364175398,0.18056598127278217,0.30510992869121517,0.44793420487695795,0.09477644897486202,0.040706282379783396,36.58543936342329,1.2824190398578317,0.9091385188957732,0.10396924137310816,0.13958598707344494,573524941.3050236,1228836003.241375,0.05682901776935387,0.008596313899041006,0.006076364220824729,0.34797728731894695,-0.0037709822306461332,0.9715017878504884,2,Undervalued,0.49456576420418996,3,Market Performer,2.5
ABT,Abbott Labs,Health Care,Health Care Industry,204.42375371568673,205764144240.58783,20.335059679682562,21.747377158044756,2.134122338119847,2.525669115426819,11.00929244568937,45.77538280082637,0.1995306058025066,0.3456376375494521,0.38513779917645685,0.08222605762001672,0.02833500229145791,73.90113608451308,0.9450944357336946,0.8496987540039551,0.08528535134306155,0.12459310394106812,2580322099.829585,4875471435.125664,-0.02987705678347176,-0.00875994895491176,-0.0021850717607710367,0.31249407055987666,-0.09047705678347176,0.9233087050170068,2,Undervalued,0.5422929206313079,4,Underperformer,3.0
BMY,Bristol-Myers Squibb,Health Care,Health Care Industry,191.50940838408886,112731275972.68095,21.41646800039853,20.377850379869116,2.511378008777011,4.178458612154952,24.149421080100424,119.20136154979778,0.2422679960443235,0.3062793136209688,0.5449891548762756,0.130059179122126,0.07290342334837885,83.36605577243677,2.3207387857199553,1.949319806063642,0.07527775558100035,0.028648151829017955,944305899.4992157,1482537123.4682722,0.030603207815483813,0.01108347267700886,0.002988822607573081,0.28124513219913005,-0.02999679218451619,0.9248451234827497,2,Undervalued,0.5359535763998798,4,Underperformer,3.0
ABBV,AbbVie Inc.,Health Care,Health Care Industry,213.35154282276582,304045055391.14484,24.805546539320385,24.723840876483155,3.673699957734784,8.478995566837078,42.93583292315647,222.67875228436745,0.12805656228362852,0.2206002061452702,0.3427924095644772,0.21081379864262928,0.09534752124105682,51.51326521396043,0.995222602056646,0.779444421485998,0.05752197192123325,0.0947077051346251,608442910.538045,1236631594.4057205,-0.003691185417739308,-0.0014081951251017277,-0.00016078913899035898,0.2721710152782226,-0.06429118541773932,1.0825925241554708,4,Overvalued,0.5016209766547813,3,Market Performer,3.5
LLY,Eli Lilly,Health Care,Health Care Industry,110.04753113099049,697751231959.9127,19.16960755929761,18.70071354628187,4.1159880222163165,4.7655679480313555,12.106772506116219,57.47917896762283,0.1854834527306975,0.3231600164068724,0.4879751898788356,0.0857005139050825,0.03450512867027552,126.76344960736166,0.9880739528238524,0.8437516102255916,0.036573526103157714,0.046166619687212807,12602611651.435366,20568444194.861046,0.1891886097338661,0.07182270956456473,0.017682951165980423,0.22248761410231607,0.1285886097338661,1.1229040558795018,4,Overvalued,0.46530950406258614,2,Outperformer,3.0
TMO,Thermo Fisher,Health Care,Health Care Industry,320.1599885672656,207866032955.0757,33.217485767077804,37.89636909092616,2.1019819757686546,2.037056184036823,25.986545381964586,145.53616107291953,0.19100725695742837,0.31465168051990067,0.42583339121790553,0.17796902122835823,0.10327722129445881,140.32390667788093,1.5664269313870247,0.9930698962309941,0.1480293558651035,0.2238640688319936,1361957956.747846,2123026954.924477,-0.01260119563901995,-0.003144128505243841,-0.0009382889139386526,0.33812628239260584,-0.07320119563901994,1.0768261525565768,4,Overvalued,0.5212009606476374,3,Market Performer,3.5
DHR,Danaher Corp.,Health Care,Health Care Industry,187.5106806761875,153863136092.45175,15.591509739422378,15.403543472916384,1.3574715124972256,9.170686548168959,8.741866531601334,35.60511516199237,0.1332958242899424,0.2504850986498153,0.3295107836075567,0.0846063187255922,0.025882186429527224,33.5341156579946,2.159857345134422,1.4116037070124319,0.10485699402074372,0.0905844111777527,2526914634.4450054,4958444786.652662,-0.020167582172196455,-0.005588204744919457,-0.001106157058921486,0.23647582864991812,-0.08076758217219646,1.0961506285115552,4,Overvalued,0.5519282578872042,5,Strong Underperformer,4.5
AMGN,Amgen Inc.,Health Care,Health Care Industry,136.18636411393072,142814472092.1423,27.295843514563877,30.56511116168355,4.409996616312104,3.719523028726054,28.863642284772283,187.10136826537035,0.1574707792374246,0.21216737591493012,0.4112543202939921,0.15119098923165242,0.05289946087399671,115.94437013542816,0.940757735472715,0.7346806450777862,0.05189538425857172,0.06028972636486821,602316399.4218584,1104243933.6922154,0.03660812103120996,0.011221147577101461,0.0028015299597312308,0.25335090746974237,-0.023991878968790042,1.06700251340093,4,Overvalued,0.5097172072045622,3,Market Performer,3.5
UNH,UnitedHealth Group,Health Care,Health Care Industry,78.39019234063153,480328058002.0663,27.8790810584754,31.05743223099945,5.163965915783393,9.161654701497595,26.466549171651693,132.25801364955487,0.1122638547923308,0.2543510948455121,0.4369795796136862,0.18674306621345432,0.05944468551444415,55.99409425913648,2.170542175648204,1.7895640702834816,0.04398773251632905,0.0253901310168356,3148654468.0908523,3737483128.819895,0.061141630837414584,0.008310898699339792,0.008301110349202181,0.2726784477786532,0.0005416308374145834,1.186334444211858,5,Strongly Overvalued,0.4829610689146625,2,Outperformer,3.5
MRK,Merck & Co.,Health Care,Health Care Industry,312.6122686146729,237457805903.07242,29.045774933671357,28.16463674429693,3.789503832985518,9.196596586196549,27.262362657370463,157.54506222905331,0.21929009677898353,0.285655691065554,0.40961556078853245,0.10376130402646921,0.03624172122802125,125.89471363007968,1.9308352751835403,1.4614871171220476,0.06664796293605532,0.1482280440580216,1191608588.5073066,2618904597.7183065,0.06773353222679061,0.024937303847090406,0.008298552345192228,0.32248991592073656,0.007133532226790612,1.3634284375669237,5,Strongly Overvalued,0.5322819029076297,4,Underperformer,4.5
GILD,Gilead Sciences,Health Care,Health Care Industry,411.9369561612325,94928040664.78215,30.839353306506595,29.802004815158885,5.703884656168002,9.901344063973177,20.722933975500602,87.71099854875641,0.18853460003036307,0.24769280736302648,0.4107293794183684,0.12626467332909366,0.072626691682553,37.78642201946498,2.415403501495364,1.7724272726041561,0.044067280749020554,0.07535242285577429,876538916.6617728,1061831238.1001644,0.21188375076292248,0.08121079270621946,0.017299852311021446,0.3098337329614342,0.1512837507629225,1.1889380657365283,5,Strongly Overvalued,0.4885378843102501,2,Outperformer,3.5
CAT,Caterpillar Inc.,Industrials,Industrials Industry,278.2793408932917,177185814427.39795,18.57633720424873,20.904944498779393,4.540463384903705,2.426045987199533,17.26813242343974,84.26626754683977,0.08784354460765038,0.23334959575614928,0.4026016214519093,0.19118578211360557,0.10445616540999607,40.219114726806204,1.881882329311792,1.1579986288086275,0.03091286644004662,-0.010158428507787629,1218463313.087938,2004292152.9024098,0.10113863588481632,0.03208035776264259,0.0036078775090317033,0.2823907896191128,0.007738635884816325,0.7592339363556708,1,Strongly Undervalued,0.5038312550653528,3,Market Performer,2.0
HON,Honeywell Intl,Industrials,Industrials Industry,56.93616413122197,150922716985.14664,17.53403937180572,17.80164412434667,3.2620711565330724,2.2339760754494695,24.66701307616414,176.43212277441495,0.11732120857092689,0.174492397455692,0.3354420418871852,0.19687335794297264,0.08325551219743979,83.5704493088751,1.951105087549516,1.525244745191431,0.0437512473837048,0.026435130521953315,380414988.9437105,1041672035.8956833,0.21641078984667755,0.06078608222407216,0.027586306847116722,0.25448019454353377,0.12301078984667756,0.7652844804625355,1,Strongly Undervalued,0.4314398816792596,1,Strong Outperformer,1.0
UPS,United Parcel Service,Industrials,Industrials Industry,230.17690174655402,109680263264.2093,16.61448700509993,17.846289728667326,2.643389661602524,2.8351802080741733,16.39039800395112,182.81319214023623,0.09063483938290551,0.1560493437007542,0.3489163608524225,0.15782678571053835,0.07356518689668032,115.83867373740055,2.0952330814282787,1.7811471424318834,0.05285296203749088,0.04820294944021495,775067227.1041003,979111512.380594,-0.0021995308048716605,-0.0005337465280632447,-0.00019926252512570788,0.22335486040458463,-0.09559953080487166,0.8769544016910225,1,Strongly Undervalued,0.5549247585606845,5,Strong Underperformer,3.0
LMT,Lockheed Martin,Industrials,Industrials Industry,69.23055736746282,122060754922.88446,21.99654180463044,20.10606161353364,5.167252431638156,3.6570173469253966,37.82736970504138,216.49292283243946,0.12425573692559308,0.25465158768084506,0.43876269580243243,0.13628975204732943,0.06347699157037807,112.82378492350516,1.042889134277,0.8683135032338791,0.03256912565360572,0.057073439076297715,429706037.27311623,704419516.3934395,0.005282227878255011,0.0017784191167682594,0.000718083905495686,0.2160594035599632,-0.08811777212174499,0.9836293547967617,2,Undervalued,0.5448730112877767,4,Underperformer,3.0
NOC,Northrop Grumman,Industrials,Industrials Industry,249.61313527194895,82369918523.46332,20.711717324804205,23.03798295776472,1.929635795199056,2.3732193569882165,20.349729964003192,200.35441037466532,0.08028431412060892,0.14436460900987652,0.2694509309474629,0.1548521122392057,0.07537025379665885,149.3850598046227,1.783107279014613,1.148479450571902,0.0973348523920165,0.14272805846657577,310147701.5877172,626698692.8754418,0.036449711838098656,0.012469069065613283,0.0029070990056375887,0.28089563546432755,-0.05695028816190134,0.9755330937821935,2,Undervalued,0.5234712120451877,3,Market Performer,2.5
BA,Boeing Co.,Industrials,Industrials Industry,100.08469924196166,129658879374.8602,13.063101509692398,13.506278396321655,2.55237993024678,6.790282043110115,11.409852493371353,61.308160895424486,0.09798308341148751,0.1965831327912478,0.3069912249423188,0.10175599160963561,0.048146861532383754,46.12347012325263,1.0091056017103677,0.774582112509529,0.041180082380718984,0.1005561055131362,1101231266.6096096,2126181241.6531794,0.11568749457758189,0.026510807610409155,0.004458276596686835,0.30147252355878884,0.02228749457758189,0.9930712591683211,3,Fairly Valued,0.516271940196404,3,Market Performer,3.0
MMM,3M Company,Industrials,Industrials Industry,134.22995924426783,59667381649.95578,26.082507806743763,23.589229153359494,2.7287289102147274,4.274564292031617,44.42313561693409,314.56514005777933,0.08657713298146495,0.20174110902919262,0.26389731371169944,0.19116281833790838,0.09970655701551001,84.187828126869,1.8962154268379334,1.362505252892782,0.08558482599391412,0.06546711722802209,141794538.7926371,218505531.63038853,0.1870645007908523,0.0567296818871586,0.011325315412288083,0.23448915157586958,0.0936645007908523,1.0151299303723418,3,Fairly Valued,0.4517226943571263,1,Strong Outperformer,2.0
RTX,RTX Corp.,Industrials,Industrials Industry,412.7704062680305,132376992610.88988,27.424461554648218,30.94958696273486,2.2244758204320876,4.319243040938167,15.275517425511577,108.66878361198297,0.13829722436829164,0.26734820379578017,0.31442769313298424,0.1800079943148044,0.06074302160571543,151.18949275691676,1.2688048660273068,1.0951399587591628,0.11328505125904774,0.08560444666981509,1227071104.392909,2141933643.67789,0.05880268151961805,0.020944844223785695,0.004533067915291047,0.3177184853795222,-0.034597318480381944,1.092784554355556,4,Overvalued,0.5190067402026581,3,Market Performer,3.5
UNP,Union Pacific,Industrials,Industrials Industry,217.43779276442274,148014522587.2959,26.559090301670274,24.287114267832532,2.7791496988690123,4.16030279540587,17.09287328738,140.8018915508086,0.12183173398529185,0.21059661453085654,0.3705945420766776,0.11339342867883595,0.05554163939279032,138.53999282880636,0.8074175584055255,0.5248907916286726,0.08556552607611824,0.13552333811284922,679744470.4128685,1856673237.198662,0.2098142515386031,0.0343252373290301,0.022126161782288663,0.29132453483009396,0.11641425153860312,1.142706015346946,4,Overvalued,0.4627744077000716,1,Strong Outperformer,2.5
GE,GE Aerospace,Industrials,Industrials Industry,85.26355283174706,192490878751.45422,26.289443283126637,28.998475499551056,2.823667494371766,6.970815796694702,28.633377004519946,166.27274982346677,0.1059389240103809,0.24857718468338957,0.381257426229023,0.16724785830541333,0.05113349524738662,106.7580855644944,1.9691274721319532,1.608407120690518,0.08310389178445296,0.05326916119567124,1213461472.520677,1248426888.7821968,0.009818676511504365,0.001242861958309232,0.0008187952939777368,0.2430458630500416,-0.08358132348849563,1.173385047840204,5,Strongly Overvalued,0.5468375755155216,4,Underperformer,4.5
DE,Deere & Co.,Industrials,Industrials Industry,111.61409855057798,100708285362.77531,18.520688496518893,21.13293572714602,9.634425364871191,7.575368321791124,30.394034331937785,299.0206818254399,0.06998982889121833,0.2147586314876654,0.38163687089306275,0.1523230800954219,0.04900156450450664,173.7161290208382,1.6883802188724668,1.1647623607966122,0.009223449033139621,0.0343170892437023,333485236.30158263,613917109.9777393,0.1583546633472246,0.03973517323306227,0.012417454793304958,0.2848503772720038,0.06495466334722459,1.244596496921183,5,Strongly Overvalued,0.5249235627297975,4,Underperformer,4.5
FDX,FedEx Corp.,Industrials,Industrials Industry,254.58396066752064,68561887915.985916,24.366743710017843,28.498568127625198,2.3708356746832933,6.699190479791755,25.657284833295307,188.62035827131496,0.06152528984006229,0.19224084357655052,0.3655569321914815,0.11883253221439802,0.039935118492381724,77.18159661420485,0.8298390177232692,0.5709230894719376,0.09277702487024057,0.12047110402712742,423005102.3895262,585196305.2581898,0.02442867795048642,0.009351720431221143,0.002982122081365793,0.24460871538875964,-0.06897132204951358,1.2144874383521436,5,Strongly Overvalued,0.5240663348601334,4,Underperformer,4.5
FCX,Freeport-McMoRan,Materials,Materials Industry,90.06323888323793,60855125639.24517,11.716013471988717,12.155329747405345,,2.729267855720733,6.487259376804691,32.49668549932974,0.08870172183027887,0.22321380697988236,0.35005870401591643,0.12408688744364846,0.0668552746375662,45.761082611731794,1.9436998445011935,1.2947981374662314,-0.012904719126130726,0.06820604686964706,1427899144.024204,2397612726.7043505,-0.035112556068321754,-0.008643995226628782,-0.002664975513485191,0.2621195754428818,-0.05821255606832175,0.8624166300679665,1,Strongly Undervalued,0.5434548036736678,4,Underperformer,2.5
SHW,Sherwin-Williams,Materials,Materials Industry,58.073442777337604,80452601867.53314,11.556147738690825,11.349201693644593,,3.2074201149040436,16.374912144588667,89.62828671871934,0.08625648422194516,0.2171588482511128,0.27835787215501373,0.16087930497748765,0.05535480057888007,60.83806318702694,2.269920167158838,1.4674525267456602,-0.03593473794490772,-0.013254038682906095,629164277.9870625,931116088.0675864,-0.017177366165297636,-0.0033352029177847304,-0.0015449830152923275,0.31014533831741664,-0.04027736616529763,0.8903020908585441,2,Undervalued,0.542948438135607,4,Underperformer,3.0
NEM,Newmont Corp.,Materials,Materials Industry,253.21335017559514,45872196214.91991,21.994692439005263,21.362203540092164,4.712288559771716,1.6736503066859312,19.00570478219786,140.23017109189132,0.09707083633124802,0.16751567357767533,0.25316357359304004,0.17930636627288565,0.07210329763110962,75.95226817136039,1.8457195389200398,1.6116485527065103,0.03667518162357779,0.061866528317437205,184359543.1848294,358064492.9489425,-0.10291737666018608,-0.031206394834757255,-0.009628085473508073,0.22558584842499582,-0.1260173766601861,0.9541666470711987,2,Undervalued,0.5734692922627408,5,Strong Underperformer,3.5
NUE,Nucor Corp.,Materials,Materials Industry,33.83706312649414,43433157737.693504,14.647870215703769,14.420605764760431,1.2345979091209625,4.871761121561133,8.265528153531719,39.32545553066349,0.13247356376614322,0.20591612376729468,0.43752237413313305,0.1792230273167304,0.07232099425962249,32.7093484990187,2.434536951775991,1.9485069003961175,0.10864486491908203,0.09846932603344288,908647928.0921272,1280723660.9556408,0.08789762781672467,0.03345782366117733,0.0038802670930624277,0.3285599949268221,0.06479762781672467,0.9215288107788331,2,Undervalued,0.44920923614534186,1,Strong Outperformer,1.5
LIN,Linde PLC,Materials,Materials Industry,85.56739964717923,207885432235.67236,17.783667481225788,16.825257853338456,,3.5041253150870784,10.435099355859426,51.815621188475006,0.13993021161394376,0.2604441261710001,0.32580141367179194,0.1563128392192053,0.06823861967404612,90.09845324428376,2.2235240356092563,1.4473329935056471,-0.046745372440537766,0.02012001551883026,3438191017.822997,5658520692.995127,0.0872971245518894,0.025989543231288298,0.00414313358622189,0.33194233113953947,0.0641971245518894,1.0084901689428822,3,Fairly Valued,0.4740396751325366,2,Outperformer,2.5
APD,Air Products,Materials,Materials Industry,102.94336812839857,69718958807.66534,20.633121223758497,19.009510544410986,1.9828872429925046,2.2377758554251,11.958034917641383,73.29995000360029,0.16026403123529298,0.21326663176823227,0.5097116112160135,0.11438234587125476,0.06510754761156334,86.03674802387923,2.454750452580196,1.8152949686287467,0.09405594819713352,0.0534150584868751,1054254784.0906667,1132864827.1817136,-0.006005122973379462,-0.0011882707668531313,-0.0003538208762547479,0.2307226460401936,-0.02910512297337946,1.0003415055706404,3,Fairly Valued,0.5561874850635512,5,Strong Underperformer,4.0
DOW,Dow Inc.,Materials,Materials Industry,49.610872934081655,34107562520.87426,21.143566745384728,23.237986689360245,2.9153359764755256,2.9391912110889105,12.249245443495061,56.211640545853456,0.13952128341268746,0.2863289215577608,0.31961573761388695,0.09953491870474752,0.04319958385789622,75.13661643151497,1.2193196468691911,0.9038671147279581,0.06252531754829195,0.12520188809139837,315263762.8505954,686859572.4392314,0.1363151481213704,0.018534406461686786,0.015749901309389035,0.31246257803105415,0.11321514812137042,1.0733360144630795,4,Overvalued,0.46831555821628174,2,Outperformer,3.0
ECL,Ecolab Inc.,Materials,Materials Industry,281.43201451708813,64081296941.27041,21.873413571580677,22.898999720378924,7.501989740650606,3.7566083700188653,27.526579600723192,159.96511356815446,0.12893925374065887,0.22819616081598862,0.42726754410786727,0.10341998206623805,0.04601716148546612,105.44073789736206,1.4143864244142168,1.2134564293996986,0.01915681616179299,0.018391782013543904,252795569.40833208,594312734.0596893,0.03435656980789764,0.012991494860446172,0.005019166685109927,0.34199151338797895,0.011256569807897642,1.1991767690299293,5,Strongly Overvalued,0.5119487498317756,3,Market Performer,4.0
PSA,Public Storage,Real Estate,Real Estate Industry,342.8023892706515,60123219308.01723,31.85465892416915,32.65605924788705,4.069203010751203,1.6486316827342176,41.27454541147859,119.04558119647186,0.4513575107614948,0.541378738346462,0.7907087596999429,0.09368745256687808,0.050121793557241216,125.2078366074602,2.483564916449202,1.5093390912901556,0.06828230452008968,0.11720820176778876,364146726.49245536,741419138.6810254,0.09265275598075609,0.009924252212058842,0.01190987588139743,0.19444650945469066,0.050852755980756094,0.8666957979843489,1,Strongly Undervalued,0.4811471739901919,2,Outperformer,1.5
SPG,Simon Property,Real Estate,Real Estate Industry,254.57943608233813,45835249146.800186,26.33377827674112,29.208086676473744,2.8997846897365767,1.741618960278151,23.666910944071606,78.56978033559528,0.36052675866993,0.4499839902018224,0.5774069944676797,0.07940283045714314,0.036444483910057,107.43245092602513,1.7723929930821076,1.4916985809051937,0.08081287438321272,0.05389786008727877,338540254.6334169,745337312.3014065,-0.058210148472387306,-0.012753706658580072,-0.0023471033990309057,0.2121809241293896,-0.1000101484723873,0.8494833077545212,1,Strongly Undervalued,0.5670198526183325,5,Strong Underperformer,3.0
AMT,American Tower,Real Estate,Real Estate Industry,221.48700015803183,100629098283.78612,28.638360280279777,32.65615641496252,3.4632184108726523,1.4924726506804238,15.500473555863937,76.7322521101416,0.35846098071381105,0.4201192881693807,0.5413420865295868,0.08768655641906448,0.04068732545674237,233.41021565863758,1.3847280671480655,1.1353385867969517,0.07269290839518136,0.1624261455416035,1315546423.6988506,2147923917.8093767,0.12987468484375947,0.019709413728305644,0.012187006469101811,0.24799263106865554,0.08807468484375947,0.9539517088044208,2,Undervalued,0.5027277209977138,3,Market Performer,2.5
WELL,Welltower Inc.,Real Estate,Real Estate Industry,138.30298420270574,54746905960.48551,24.063786103840723,23.61734513688401,7.786573936427959,3.731881215941182,21.94546455027228,79.1174256774142,0.3549068457017026,0.40884602907098455,0.5150313401555174,0.11411710383649479,0.05388438008989029,146.79216851184043,0.8487091268820127,0.6577289647186382,0.0209042029271218,0.08900999664951276,682252500.2092702,1031355446.8890845,-0.014198809643055962,-0.002857315685379934,-0.0018911323457291764,0.18483096036110785,-0.05599880964305596,0.977202989323177,2,Undervalued,0.5370754001442941,4,Underperformer,3.0
PLD,Prologis Inc.,Real Estate,Real Estate Industry,726.5389156622466,105519867497.29234,48.14947185953948,54.972943337730754,10.005764916723328,2.1189025518333136,27.746606075610007,64.48590062420364,0.49243090819949425,0.5771827877308697,0.7286776821578058,0.06077366711603312,0.019150077752255495,88.97009383613245,1.976419135109313,1.4573693692018215,0.03812173008288845,0.08021727603167336,1342941608.449622,2202708373.376147,-0.02919972688996887,-0.0110890770169225,-0.0010343620601900843,0.2493158105213307,-0.07099972688996886,1.086559959147806,4,Overvalued,0.5714326309369143,5,Strong Underperformer,4.5
CCI,Crown Castle,Real Estate,Real Estate Industry,293.5283659471038,48903744807.01324,40.5159935550603,46.366555752451596,6.3891889294098885,2.91312685628902,65.85775751354404,253.93131420712766,0.35193702625068307,0.4675779866007488,0.5341807886457075,0.07804769534576066,0.046153135649639895,175.57209788096927,2.0150805699547076,1.2504282950639405,0.05341335966535958,0.020867132440033964,199860169.3884,315373047.8947379,0.07158283395022291,0.008058406394478534,0.005332475445066657,0.29261785898569853,0.029782833950222916,1.147930763027487,4,Overvalued,0.5387351362129341,4,Underperformer,4.0
EQIX,Equinix Inc.,Real Estate,Real Estate Industry,382.56676728047023,74691258492.2643,46.37990647035422,49.25958660652616,5.769674700860752,3.5650645454526275,40.58846589162129,155.16110379476632,0.43287158992577895,0.5049161903503209,0.7744951917096656,0.0801941829733101,0.045378241846518896,238.83169940847336,2.3579149257045127,1.864224854238197,0.07038565235477662,0.08086724733235004,713583594.9864498,842912786.420354,0.11067140704506062,0.011278934017328735,0.016289295254372102,0.24375528220211182,0.06887140704506062,1.2882199486987123,5,Strongly Overvalued,0.5087144054343813,3,Market Performer,4.0
O,Realty Income,Real Estate,Real Estate Industry,300.2059518825167,47141558526.57833,30.814235154246617,36.37096345643569,3.1035167175689966,3.1294454304950428,27.00090583307449,104.84786387025342,0.49814544887194084,0.646987548268289,0.6793857504580607,0.04649837078453381,0.027582088634787796,214.94907766436674,1.921019035539396,1.4856049240439984,0.08928812363022678,0.08270405187314997,652656897.129563,1185863520.7008336,0.030950739495765572,0.011132012701245626,0.0010328118461769037,0.25432679632398025,-0.010849260504234425,1.177422873953362,5,Strongly Overvalued,0.5725320938628196,5,Strong Underperformer,5.0
GOOGL,Alphabet Inc.,Technology,Technology Industry,97.07189105480073,1897657324806.9404,17.221339552022712,15.63053102065323,0.725284480802123,4.294697123919653,12.833398040927865,38.95124951259554,0.2746596253655116,0.33101546039411395,0.4908392303360414,0.3157758564688984,0.12419296963660442,32.518332202674706,2.040330503174709,1.6144466888047184,0.2274425485152653,0.2482747872895577,29984293327.90361,51638584649.925644,-0.040202877030849155,-0.015233243820984203,-0.005027596892564665,0.39264895744459904,-0.14680287703084915,0.6561766830527249,1,Strongly Undervalued,0.4544666620384553,1,Strong Outperformer,1.0
NVDA,NVIDIA Corp.,Technology,Technology Industry,394.34742938153494,1114774769301.8936,29.68358280832689,32.46053651243367,3.802762086768102,5.092397148059897,21.411482997464102,63.275787857957035,0.3023239230657435,0.4251455579269295,0.49985143186422343,0.2680338868514696,0.10998366882978629,63.23058305935795,1.877000508293521,1.4278951112778493,0.06805795401088166,0.1433533283492674,8167004194.534375,22735760077.42359,0.06039003248586791,0.01563468793851018,0.0031065114512711395,0.28730370207997086,-0.04620996751413209,0.8757554122956278,1,Strongly Undervalued,0.5053522635524954,3,Market Performer,2.0
TSLA,Tesla Inc.,Technology,Technology Industry,418.9360499240186,862727448828.3381,33.93415877991789,33.53830553874417,1.3678070033115879,7.621172743223103,17.93107321685566,43.44137546785784,0.24850353876377276,0.37074875028992327,0.43755213632338164,0.24422597115658976,0.09383936221429132,2.431596643145384,1.8973029030421853,1.2391915236849416,0.2380917168705829,0.331181003420971,13822109699.463179,19909732212.23486,0.3574321951102243,0.1298236344199654,0.041569335806849246,0.32403174005108887,0.25083219511022425,0.8645186076040432,1,Strongly Undervalued,0.3320600057749117,1,Strong Outperformer,1.0
TXN,Texas Instruments,Technology,Technology Industry,447.43388314112264,197878926134.6606,31.662951168078823,36.82388811495841,1.7243207306360404,7.8417943945487645,19.091576156800873,88.71662967550063,0.19946962034863952,0.26238556186378903,0.4395784474106582,0.3124118476693528,0.1831406075598283,60.617463445088006,1.1886927693558866,0.9527493856309246,0.17362564809157915,0.17735005579650523,2014863640.0863085,2721304755.9876714,-0.043221203900185495,-0.016045768577870496,-0.002821186749447601,0.3843146391185599,-0.1498212039001855,0.9791450968547295,2,Undervalued,0.4504141474272721,1,Strong Outperformer,1.5
AMZN,Amazon.com Inc.,Technology,Technology Industry,447.9384874398369,1540021126953.1272,41.143817705631534,43.43294396558847,1.8400391014372277,11.436227506742135,49.38275118746017,130.0999536458438,0.2578684483831301,0.3974775783754794,0.5693564794159427,0.3231397496224944,0.12776979387119572,11.005192452767677,1.1874897763213008,0.8646497055070441,0.21360295318449862,0.29271254067295016,5586529603.357515,12621303837.468822,-0.09652393473440465,-0.035953212602999926,-0.004936528013634719,0.35214946051551316,-0.20312393473440465,1.005028158127631,3,Fairly Valued,0.4686039647909269,2,Outperformer,2.5
AMD,Advanced Micro Devices,Technology,Technology Industry,220.86296448104736,259850787049.7634,36.07452251961328,35.56812192346195,1.8001853822925828,10.089999126828129,56.2808848396531,142.02659367895976,0.31202267893583613,0.45334673419148325,0.6354371426518568,0.3023402888696284,0.1370819092357599,50.15162946871996,2.157101804243518,1.7148725928782886,0.19039337545154067,0.2597622758669558,772185140.1630564,2062454142.6219301,0.3450026709087831,0.09045643537365278,0.035489005827596155,0.31759903137030715,0.23840267090878312,1.0101079327656743,3,Fairly Valued,0.33818188420473727,1,Strong Outperformer,2.0
AVGO,Broadcom Inc.,Technology,Technology Industry,203.98881904826055,595643808592.7979,25.600566840781585,25.931812832763583,1.0570646678265136,12.726639969381996,22.70833045091675,67.84191528244497,0.34724214889592053,0.45085178553033256,0.6368744916998695,0.3435987019165416,0.13498559672395355,81.37950197069486,1.9640429933415948,1.2742417941006536,0.23218543689876853,0.3055660233372439,9783677686.752632,10799845065.234108,0.374899956645962,0.12891696158869365,0.05622123374143165,0.395143901677672,0.26829995664596196,1.0311256427770137,3,Fairly Valued,0.30331993433192256,1,Strong Outperformer,2.0
MSFT,Microsoft Corp.,Technology,Technology Industry,100.96047137674765,2903170494846.808,28.20457481218804,28.67286063942288,1.1107796280524322,6.256188381286751,14.980032266227054,45.602628660557585,0.3318640804157564,0.44811630885115455,0.5336200767357597,0.1085971302788046,0.04273441758546982,52.00680211778108,1.7294074748835753,1.133551088075559,0.24391692555291172,0.31018684905707894,33734397530.059204,63615827068.14992,0.3697494707820945,0.11538298572003751,0.042436491310978,0.42896547008552977,0.2631494707820945,1.0772636976255436,4,Overvalued,0.34432095164503934,1,Strong Outperformer,2.5
META,Meta Platforms Inc.,Technology,Technology Industry,605.0693172225638,826758498205.0619,41.91647273859981,45.923200372909015,4.540063416636682,5.691231713526717,28.033036848950225,115.68634244731702,0.21984191492253216,0.3595529409177899,0.51503305069658,0.18475744776217518,0.1045959814361617,77.98755458576238,1.8914537984622892,1.1826163359950843,0.08232574281892276,0.16710887109798467,3869164396.0166354,9182388770.6575,0.20321452982979496,0.07964041770401337,0.014449102604987229,0.2518394103233259,0.09661452982979496,1.1344511707644105,4,Overvalued,0.4620561970680722,1,Strong Outperformer,2.5
CRM,Salesforce Inc.,Technology,Technology Industry,210.48948145223275,261699304714.96085,28.01554947713919,33.1266907088045,3.780074503539568,7.6332316536092915,20.55114284862013,107.33059649388119,0.1590608019544089,0.27164679352583254,0.3839833248797031,0.2587734127169109,0.1166915098233895,85.64898411883223,1.9197791737522065,1.2457069401907768,0.06411374948008597,0.11047664121103332,2152344517.4391594,3234321096.100279,-0.0867443447291891,-0.02986959492034517,-0.00491329690163031,0.36715511625469266,-0.1933443447291891,1.0609697842032644,4,Overvalued,0.5133761987811255,3,Market Performer,3.5
ADBE,Adobe Inc.,Technology,Technology Industry,67.28497640614404,216544974948.83612,29.05981925982379,34.60416428179539,2.7750238945743795,9.277174130041786,15.821629633506259,44.13747953304663,0.2798420604232127,0.38817893693292865,0.5790510362762973,0.12938156169427623,0.07616068459058224,37.48705795237041,1.2857105466791632,1.1064564459923525,0.09471916770389054,0.18920254861998226,4290445600.05981,4444005367.866241,-0.09392276265509183,-0.017207998369746843,-0.004175406927669446,0.44397576534152783,-0.20052276265509184,1.080359743236333,4,Overvalued,0.5564426964713814,5,Strong Underperformer,4.5
AAPL,Apple Inc.,Technology,Technology Industry,520.9679836507173,2924724071308.4175,43.52142919229749,42.983652063607984,1.9215732269466694,7.3963421195243,33.812646779865105,150.48561316611588,0.1811989040672405,0.31781651864473404,0.3428156265008804,0.13900466011060914,0.0667687344016076,70.80725777960456,0.8349936403028642,0.7439567516484255,0.21648852816008435,0.19833939476182577,12933225361.321705,27436869379.631,-0.009087516396449696,-0.0017392064262291744,-0.0002971379298051532,0.28668090197068674,-0.1156875163964497,1.2717931956179902,5,Strongly Overvalued,0.5285697024303536,4,Underperformer,4.5
INTC,Intel Corp.,Technology,Technology Industry,358.408463980894,156782740011.67987,44.275562383876036,47.211307375905335,3.1226023343803213,10.340648954812227,28.16701740056204,141.97641466895593,0.20416645025241484,0.2620120883866414,0.441960734393542,0.29879654869217587,0.09191137899944864,96.26484146779251,2.22116620487075,1.7964620387335715,0.131790588882854,0.10778473689348086,719824033.9757167,1723599250.7812653,-0.021781478664456982,-0.005390584074935388,-0.0017763085588414823,0.3000485796329191,-0.12838147866445698,1.243232276454047,5,Strongly Overvalued,0.4505971992273231,1,Strong Outperformer,3.0
ORCL,Oracle Corp.,Technology,Technology Industry,420.5127805401657,323271537933.5159,35.90211496092452,37.75379209280292,2.6712164240766385,12.917489593292899,31.396935937131964,97.15674360729486,0.3106961860769697,0.378440140454942,0.517103100591231,0.28376776095097145,0.14903040850826021,80.6834739267264,2.4838587414011446,1.7977804519366107,0.12440361715855663,0.19086556126985615,2873231907.135722,3489684488.670151,0.07040177012650892,0.01323294421696192,0.004416048952872809,0.43615146512071296,-0.03619822987349108,1.16070297510127,5,Strongly Overvalued,0.4423739046070035,1,Strong Outperformer,3.0
CSCO,Cisco Systems,Technology,Technology Industry,515.265134280324,227590812067.3897,37.5712358831304,34.770349625121455,4.240625434435274,14.839674942014106,24.216794836488873,118.55514783714395,0.2488840609405163,0.3538369491728899,0.41039581294384514,0.1228015257621726,0.0531066435004081,88.77041827582998,1.396555521338534,0.8869804892507008,0.07859833641056718,0.14282493116818804,2136452773.7350836,3098515163.0408134,0.20910903165813052,0.027886622520171475,0.017573787241899737,0.270224535224558,0.10250903165813052,1.44985051195763,5,Strongly Overvalued,0.4667674954174356,2,Outperformer,3.5
EXC,Exelon Corp.,Utilities,Utilities Industry,57.409230990694454,39170501003.98576,17.259583820897802,19.272393366613326,3.9367743057923463,1.2725139338003972,9.030189358228982,61.65598087729578,0.15956798241615297,0.3035248413186695,0.3256910634500733,0.08596628906050913,0.04526469716913323,138.66239182836625,2.2083457405962843,1.3781314692152487,0.03384194388665622,0.07835591291590574,887792607.7974678,1353816215.8452435,0.09087099404010916,0.016729388692511383,0.0033788884767590307,0.19834695600492677,0.042470994040109164,0.8788680452886668,1,Strongly Undervalued,0.5446055291657365,4,Underperformer,2.5
AEP,American Electric,Utilities,Utilities Industry,105.24568650362285,51893104121.0269,16.775431197766558,18.498249036647312,3.0452661209145724,1.9126870071527096,17.229254466158316,117.34311744717772,0.18099244203028994,0.30401461380601486,0.4476184858502066,0.11387611760662421,0.04662620523886399,144.0965528098758,1.592508704916847,1.04624770815619,0.045086913693862855,0.07855660929618616,564932181.4017205,848064934.5509328,0.010965668932110526,0.0016292451181772903,0.0011574624147125737,0.21113391900786307,-0.03743433106788947,0.9006236411095746,2,Undervalued,0.548694048611797,5,Strong Underperformer,3.5
SRE,Sempra Energy,Utilities,Utilities Industry,120.43265490357174,54977493890.10201,18.96913423579588,17.793943384641043,3.125775628179259,1.9051364110121007,15.598022736593954,92.9880225258598,0.18832736014262239,0.2770548012851065,0.4212924912468928,0.06690877070371207,0.03331435077320592,124.20334209311235,1.9019968969733383,1.1762593341317873,0.050686167186111374,0.14176176011802177,614102496.6173471,945820168.0833207,0.060290115647095605,0.01626357028078741,0.008322592917655256,0.2154565928858811,0.011890115647095606,0.9809222745986208,2,Undervalued,0.5638865333665017,5,Strong Underperformer,3.5
XEL,Xcel Energy,Utilities,Utilities Industry,120.46371661708535,34578989477.99684,21.08352237392375,22.397745766633147,4.267917506989196,2.289161133372969,14.568611419030631,64.78013123284471,0.1902403276110675,0.26187360537415016,0.4168834008005178,0.095967668379523,0.04153223530388786,84.83627110487808,2.1948288936164673,1.8610003425242603,0.03940002317148142,0.042365456512239844,414187649.1117445,632879203.1381156,0.08596317195578317,0.012809374618797002,0.0037806325053736374,0.17546870247883672,0.03756317195578317,0.9487419580972953,2,Undervalued,0.538436473014866,4,Underperformer,3.0
NEE,NextEra Energy,Utilities,Utilities Industry,303.512388177994,138778655891.38074,24.77066710610677,28.606006641425022,4.239442553262327,1.2809942782237638,15.28471007130132,98.2735017811037,0.16764837495206045,0.27796338696435513,0.43649674041377984,0.07945976264109109,0.04010808896123956,137.53591731290987,1.5294060278145323,1.04424296628765,0.0484290665456601,0.032369931046138035,871299893.8515441,1988241484.0691142,0.06770023204625039,0.01790289043054286,0.002891079792407806,0.14333328226493267,0.019300232046250393,0.9957070516243974,3,Fairly Valued,0.4974744094792864,3,Market Performer,3.0
DUK,Duke Energy,Utilities,Utilities Industry,254.1880589147403,76734912470.98587,21.302069223379977,23.515140230408193,3.2342800624816896,2.9026643592577557,16.536235769629606,82.77636811335617,0.15768812013112085,0.2577159736518969,0.4204720334822456,0.11342305925131596,0.03638818463055512,88.98768517361607,1.8215504096204465,1.2792522134108808,0.05586340332888403,0.06685198393280488,954691553.6392084,1356106507.7921765,-0.02564215202055102,-0.005200722749645062,-0.0009614503033384558,0.1914718833502036,-0.07404215202055102,1.018811200782266,3,Fairly Valued,0.5613982151426268,5,Strong Underperformer,4.0
SO,Southern Company,Utilities,Utilities Industry,341.9771557614237,78105121260.22818,23.14670166423446,25.047985262744017,7.073296225883873,1.899707426177784,17.163282350771475,88.6189422030803,0.14020272168882408,0.26818481008983086,0.4359905617098555,0.066206046891629,0.022209850362748976,80.00307188453824,2.0106329779970284,1.4214749961778663,0.022724066580913013,-0.025341312950658175,470567874.6934083,1218127576.9679852,0.04185089914945493,0.0082899226661456,0.002500453721717735,0.20511507354259817,-0.006549100850545067,1.0222290901781133,3,Fairly Valued,0.5516876455861043,5,Strong Underperformer,4.0
D,Dominion Energy,Utilities,Utilities Industry,215.3723006621672,44124333488.95104,21.39757988941014,20.06376039830452,4.755234423002984,2.93426390545379,23.08729070912144,167.84440730814245,0.16323962564655087,0.2710888764694839,0.33890479808430374,0.06799259544819772,0.034542049702787604,150.06114963944515,2.0809025881213143,1.793442181693408,0.03499794959823942,0.09453532802767511,320977433.83591664,560544583.9169965,0.055259365012192224,0.006215224576916286,0.004683612068866963,0.13866399397976825,0.006859365012192226,1.1642767631741187,5,Strongly Overvalued,0.5177556089083236,3,Market Performer,4.0
